"Month","Day","State","Regular","MidGrade","Premium","Diesel"
1,1,"Alabama",2.343,2.652,2.984,2.85
1,2,"Alabama",2.35,2.653,2.985,2.852
1,3,"Alabama",2.36,2.663,2.99,2.85
1,4,"Alabama",2.364,2.671,2.999,2.851
1,5,"Alabama",2.365,2.673,2.999,2.852
1,6,"Alabama",2.365,2.673,2.996,2.852
1,7,"Alabama",2.367,2.672,2.997,2.853
1,8,"Alabama",2.367,2.678,3.003,2.856
1,9,"Alabama",2.367,2.679,3.001,2.858
1,10,"Alabama",2.364,2.676,3,2.856
1,11,"Alabama",2.357,2.671,2.994,2.854
1,12,"Alabama",2.354,2.665,2.986,2.852
1,13,"Alabama",2.351,2.658,2.983,2.846
1,14,"Alabama",2.347,2.658,2.982,2.85
1,15,"Alabama",2.341,2.655,2.976,2.848
1,16,"Alabama",2.335,2.652,2.974,2.848
1,17,"Alabama",2.329,2.648,2.973,2.845
1,1,"Alaska",2.991,3.126,3.265,3.105
1,2,"Alaska",2.97,3.114,3.244,3.098
1,3,"Alaska",2.974,3.097,3.24,3.103
1,4,"Alaska",2.977,3.092,3.251,3.097
1,5,"Alaska",2.975,3.085,3.255,3.106
1,6,"Alaska",2.965,3.093,3.25,3.101
1,7,"Alaska",2.972,3.095,3.241,3.099
1,8,"Alaska",2.978,3.094,3.255,3.091
1,9,"Alaska",2.987,3.115,3.268,3.106
1,10,"Alaska",2.999,3.107,3.265,3.1
1,11,"Alaska",2.997,3.096,3.266,3.097
1,12,"Alaska",3.004,3.105,3.263,3.113
1,13,"Alaska",2.997,3.11,3.258,3.114
1,14,"Alaska",2.985,3.089,3.24,3.088
1,15,"Alaska",2.987,3.089,3.227,3.083
1,16,"Alaska",2.98,3.081,3.217,3.097
1,17,"Alaska",2.993,3.074,3.235,3.094
1,1,"Arizona",2.834,3.092,3.313,3.062
1,2,"Arizona",2.833,3.088,3.311,3.061
1,3,"Arizona",2.83,3.084,3.303,3.06
1,4,"Arizona",2.832,3.08,3.304,3.063
1,5,"Arizona",2.833,3.08,3.303,3.064
1,6,"Arizona",2.831,3.082,3.303,3.056
1,7,"Arizona",2.829,3.086,3.304,3.062
1,8,"Arizona",2.83,3.084,3.302,3.065
1,9,"Arizona",2.832,3.087,3.309,3.059
1,10,"Arizona",2.832,3.087,3.31,3.059
1,11,"Arizona",2.832,3.088,3.307,3.058
1,12,"Arizona",2.83,3.085,3.311,3.055
1,13,"Arizona",2.831,3.084,3.312,3.053
1,14,"Arizona",2.831,3.082,3.308,3.049
1,15,"Arizona",2.83,3.085,3.311,3.051
1,16,"Arizona",2.832,3.087,3.309,3.05
1,17,"Arizona",2.83,3.085,3.309,3.047
1,1,"Arkansas",2.293,2.566,2.849,2.772
1,2,"Arkansas",2.293,2.571,2.847,2.775
1,3,"Arkansas",2.293,2.572,2.851,2.775
1,4,"Arkansas",2.294,2.579,2.851,2.778
1,5,"Arkansas",2.295,2.577,2.855,2.777
1,6,"Arkansas",2.293,2.576,2.851,2.779
1,7,"Arkansas",2.297,2.571,2.849,2.78
1,8,"Arkansas",2.301,2.582,2.854,2.78
1,9,"Arkansas",2.301,2.591,2.859,2.782
1,10,"Arkansas",2.299,2.582,2.859,2.782
1,11,"Arkansas",2.296,2.584,2.856,2.781
1,12,"Arkansas",2.292,2.576,2.854,2.778
1,13,"Arkansas",2.289,2.572,2.848,2.774
1,14,"Arkansas",2.288,2.567,2.84,2.773
1,15,"Arkansas",2.285,2.57,2.842,2.77
1,16,"Arkansas",2.28,2.574,2.841,2.767
1,17,"Arkansas",2.276,2.571,2.843,2.768
1,1,"California",3.558,3.732,3.846,3.941
1,2,"California",3.557,3.73,3.845,3.943
1,3,"California",3.55,3.728,3.841,3.942
1,4,"California",3.548,3.725,3.837,3.943
1,5,"California",3.547,3.721,3.835,3.942
1,6,"California",3.546,3.721,3.834,3.943
1,7,"California",3.543,3.718,3.831,3.946
1,8,"California",3.541,3.718,3.83,3.95
1,9,"California",3.543,3.719,3.832,3.947
1,10,"California",3.542,3.716,3.83,3.944
1,11,"California",3.539,3.716,3.83,3.943
1,12,"California",3.539,3.717,3.829,3.944
1,13,"California",3.536,3.714,3.826,3.942
1,14,"California",3.535,3.708,3.822,3.939
1,15,"California",3.534,3.708,3.821,3.938
1,16,"California",3.532,3.707,3.822,3.935
1,17,"California",3.53,3.706,3.819,3.935
1,1,"Colorado",2.684,2.99,3.258,2.885
1,2,"Colorado",2.681,2.983,3.256,2.884
1,3,"Colorado",2.676,2.976,3.253,2.878
1,4,"Colorado",2.672,2.976,3.247,2.881
1,5,"Colorado",2.67,2.97,3.24,2.879
1,6,"Colorado",2.663,2.963,3.239,2.872
1,7,"Colorado",2.664,2.961,3.238,2.877
1,8,"Colorado",2.661,2.961,3.237,2.876
1,9,"Colorado",2.655,2.957,3.229,2.871
1,10,"Colorado",2.649,2.951,3.224,2.864
1,11,"Colorado",2.642,2.947,3.218,2.86
1,12,"Colorado",2.638,2.942,3.219,2.855
1,13,"Colorado",2.634,2.939,3.219,2.849
1,14,"Colorado",2.631,2.934,3.211,2.846
1,15,"Colorado",2.627,2.931,3.212,2.846
1,16,"Colorado",2.621,2.928,3.203,2.844
1,17,"Colorado",2.616,2.923,3.198,2.84
1,1,"Connecticut",2.684,3.008,3.223,3.173
1,2,"Connecticut",2.682,3,3.22,3.17
1,3,"Connecticut",2.686,3.01,3.221,3.175
1,4,"Connecticut",2.691,3.007,3.222,3.18
1,5,"Connecticut",2.691,3.005,3.224,3.176
1,6,"Connecticut",2.691,2.996,3.224,3.171
1,7,"Connecticut",2.695,3.001,3.231,3.179
1,8,"Connecticut",2.696,3.01,3.228,3.186
1,9,"Connecticut",2.695,3.008,3.231,3.187
1,10,"Connecticut",2.695,3.012,3.235,3.184
1,11,"Connecticut",2.692,3.014,3.243,3.188
1,12,"Connecticut",2.691,3.011,3.238,3.185
1,13,"Connecticut",2.687,3.006,3.227,3.177
1,14,"Connecticut",2.687,3.009,3.237,3.179
1,15,"Connecticut",2.685,3.011,3.232,3.178
1,16,"Connecticut",2.682,3.011,3.23,3.182
1,17,"Connecticut",2.679,3.012,3.227,3.178
1,1,"Delaware",2.399,2.748,2.954,2.947
1,2,"Delaware",2.399,2.747,2.986,2.947
1,3,"Delaware",2.388,2.744,2.974,2.946
1,4,"Delaware",2.409,2.753,2.978,2.959
1,5,"Delaware",2.426,2.761,2.984,2.963
1,6,"Delaware",2.431,2.765,2.988,2.973
1,7,"Delaware",2.436,2.767,2.984,2.961
1,8,"Delaware",2.425,2.765,2.959,2.982
1,9,"Delaware",2.42,2.759,2.988,2.975
1,10,"Delaware",2.406,2.751,2.982,2.973
1,11,"Delaware",2.398,2.751,2.98,2.965
1,12,"Delaware",2.394,2.745,2.978,2.959
1,13,"Delaware",2.389,2.74,2.975,2.957
1,14,"Delaware",2.382,2.733,2.965,2.933
1,15,"Delaware",2.371,2.724,2.933,2.933
1,16,"Delaware",2.352,2.714,2.947,2.913
1,17,"Delaware",2.325,2.691,2.93,2.902
1,1,"District of Columbia",2.717,3.206,3.351,3.141
1,2,"District of Columbia",2.716,3.21,3.34,3.14
1,3,"District of Columbia",2.712,3.213,3.336,3.119
1,4,"District of Columbia",2.729,3.214,3.326,3.107
1,5,"District of Columbia",2.738,3.219,3.344,3.131
1,6,"District of Columbia",2.737,3.215,3.353,3.136
1,7,"District of Columbia",2.722,3.201,3.35,3.131
1,8,"District of Columbia",2.742,3.231,3.354,3.103
1,9,"District of Columbia",2.744,3.228,3.374,3.128
1,10,"District of Columbia",2.729,3.216,3.383,3.14
1,11,"District of Columbia",2.731,3.204,3.376,3.128
1,12,"District of Columbia",2.727,3.242,3.369,3.133
1,13,"District of Columbia",2.728,3.223,3.361,3.104
1,14,"District of Columbia",2.72,3.24,3.416,3.151
1,15,"District of Columbia",2.72,3.234,3.399,3.158
1,16,"District of Columbia",2.711,3.213,3.349,3.128
1,17,"District of Columbia",2.716,3.21,3.377,3.121
1,1,"Florida",2.459,2.795,3.077,2.87
1,2,"Florida",2.458,2.793,3.075,2.869
1,3,"Florida",2.496,2.82,3.099,2.897
1,4,"Florida",2.521,2.843,3.125,2.93
1,5,"Florida",2.526,2.85,3.131,2.942
1,6,"Florida",2.526,2.852,3.13,2.948
1,7,"Florida",2.526,2.855,3.132,2.958
1,8,"Florida",2.524,2.855,3.133,2.964
1,9,"Florida",2.518,2.852,3.132,2.964
1,10,"Florida",2.508,2.847,3.128,2.961
1,11,"Florida",2.497,2.84,3.119,2.957
1,12,"Florida",2.49,2.832,3.111,2.954
1,13,"Florida",2.483,2.824,3.105,2.95
1,14,"Florida",2.522,2.856,3.134,2.946
1,15,"Florida",2.555,2.884,3.162,2.943
1,16,"Florida",2.556,2.89,3.167,2.941
1,17,"Florida",2.546,2.883,3.161,2.938
1,1,"Georgia",2.442,2.747,3.046,2.944
1,2,"Georgia",2.443,2.747,3.051,2.945
1,3,"Georgia",2.452,2.755,3.061,2.943
1,4,"Georgia",2.459,2.766,3.067,2.947
1,5,"Georgia",2.463,2.769,3.074,2.949
1,6,"Georgia",2.463,2.766,3.07,2.943
1,7,"Georgia",2.465,2.775,3.072,2.949
1,8,"Georgia",2.465,2.777,3.076,2.952
1,9,"Georgia",2.463,2.777,3.075,2.95
1,10,"Georgia",2.458,2.776,3.073,2.95
1,11,"Georgia",2.451,2.768,3.064,2.951
1,12,"Georgia",2.446,2.76,3.055,2.95
1,13,"Georgia",2.443,2.751,3.043,2.943
1,14,"Georgia",2.438,2.751,3.042,2.949
1,15,"Georgia",2.433,2.75,3.042,2.947
1,16,"Georgia",2.426,2.741,3.037,2.945
1,17,"Georgia",2.418,2.732,3.03,2.94
1,1,"Hawaii",3.66,3.841,4.03,4.266
1,2,"Hawaii",3.66,3.837,4.024,4.256
1,3,"Hawaii",3.657,3.84,4.026,4.244
1,4,"Hawaii",3.661,3.838,4.026,4.258
1,5,"Hawaii",3.655,3.846,4.018,4.234
1,6,"Hawaii",3.653,3.853,4.022,4.224
1,7,"Hawaii",3.654,3.851,4.034,4.234
1,8,"Hawaii",3.66,3.858,4.046,4.248
1,9,"Hawaii",3.661,3.842,4.032,4.252
1,10,"Hawaii",3.661,3.838,4.031,4.242
1,11,"Hawaii",3.662,3.851,4.033,4.25
1,12,"Hawaii",3.655,3.849,4.028,4.257
1,13,"Hawaii",3.659,3.85,4.019,4.249
1,14,"Hawaii",3.657,3.836,4.018,4.259
1,15,"Hawaii",3.658,3.85,4.028,4.261
1,16,"Hawaii",3.664,3.844,4.038,4.255
1,17,"Hawaii",3.66,3.836,4.041,4.279
1,1,"Idaho",2.678,2.846,3.036,3.281
1,2,"Idaho",2.675,2.838,3.042,3.28
1,3,"Idaho",2.669,2.838,3.035,3.277
1,4,"Idaho",2.667,2.835,3.022,3.274
1,5,"Idaho",2.663,2.823,3.01,3.275
1,6,"Idaho",2.659,2.81,3.008,3.279
1,7,"Idaho",2.657,2.816,3.005,3.268
1,8,"Idaho",2.646,2.817,2.994,3.258
1,9,"Idaho",2.646,2.811,2.993,3.254
1,10,"Idaho",2.642,2.805,2.99,3.252
1,11,"Idaho",2.637,2.797,2.987,3.253
1,12,"Idaho",2.632,2.792,2.982,3.251
1,13,"Idaho",2.625,2.775,2.973,3.244
1,14,"Idaho",2.624,2.778,2.97,3.234
1,15,"Idaho",2.624,2.783,2.965,3.23
1,16,"Idaho",2.625,2.781,2.97,3.235
1,17,"Idaho",2.622,2.78,2.974,3.222
1,1,"Illinois",2.7,3.03,3.429,2.992
1,2,"Illinois",2.705,3.035,3.437,2.991
1,3,"Illinois",2.695,3.039,3.438,2.99
1,4,"Illinois",2.68,3.033,3.432,2.991
1,5,"Illinois",2.671,3.027,3.428,2.989
1,6,"Illinois",2.663,3.019,3.416,2.986
1,7,"Illinois",2.664,3.012,3.414,2.985
1,8,"Illinois",2.706,3.042,3.447,2.983
1,9,"Illinois",2.719,3.058,3.466,2.982
1,10,"Illinois",2.712,3.064,3.472,2.981
1,11,"Illinois",2.698,3.058,3.463,2.978
1,12,"Illinois",2.691,3.052,3.461,2.977
1,13,"Illinois",2.685,3.042,3.451,2.973
1,14,"Illinois",2.671,3.027,3.436,2.973
1,15,"Illinois",2.657,3.018,3.427,2.972
1,16,"Illinois",2.644,3.007,3.417,2.967
1,17,"Illinois",2.629,2.993,3.402,2.962
1,1,"Indiana",2.517,2.822,3.137,3.028
1,2,"Indiana",2.506,2.815,3.13,3.026
1,3,"Indiana",2.491,2.807,3.122,3.024
1,4,"Indiana",2.481,2.796,3.112,3.023
1,5,"Indiana",2.472,2.787,3.105,3.023
1,6,"Indiana",2.465,2.78,3.097,3.022
1,7,"Indiana",2.508,2.792,3.112,3.022
1,8,"Indiana",2.551,2.828,3.146,3.022
1,9,"Indiana",2.556,2.845,3.163,3.022
1,10,"Indiana",2.541,2.846,3.162,3.02
1,11,"Indiana",2.52,2.834,3.15,3.02
1,12,"Indiana",2.508,2.822,3.139,3.018
1,13,"Indiana",2.496,2.811,3.129,3.015
1,14,"Indiana",2.477,2.796,3.115,3.015
1,15,"Indiana",2.462,2.784,3.101,3.012
1,16,"Indiana",2.446,2.768,3.087,3.009
1,17,"Indiana",2.433,2.757,3.075,3.008
1,1,"Iowa",2.377,2.543,2.908,2.87
1,2,"Iowa",2.375,2.542,2.909,2.867
1,3,"Iowa",2.376,2.534,2.909,2.863
1,4,"Iowa",2.383,2.543,2.911,2.869
1,5,"Iowa",2.381,2.543,2.91,2.868
1,6,"Iowa",2.377,2.543,2.927,2.865
1,7,"Iowa",2.39,2.548,2.926,2.865
1,8,"Iowa",2.405,2.56,2.925,2.868
1,9,"Iowa",2.416,2.566,2.944,2.871
1,10,"Iowa",2.415,2.571,2.941,2.872
1,11,"Iowa",2.403,2.563,2.939,2.872
1,12,"Iowa",2.392,2.568,2.929,2.87
1,13,"Iowa",2.383,2.564,2.939,2.862
1,14,"Iowa",2.377,2.559,2.918,2.866
1,15,"Iowa",2.375,2.558,2.903,2.867
1,16,"Iowa",2.368,2.546,2.907,2.864
1,17,"Iowa",2.359,2.541,2.903,2.859
1,1,"Kansas",2.289,2.535,2.782,2.776
1,2,"Kansas",2.285,2.534,2.774,2.774
1,3,"Kansas",2.283,2.53,2.771,2.775
1,4,"Kansas",2.284,2.528,2.772,2.776
1,5,"Kansas",2.282,2.521,2.773,2.776
1,6,"Kansas",2.278,2.519,2.767,2.773
1,7,"Kansas",2.279,2.516,2.758,2.784
1,8,"Kansas",2.288,2.518,2.769,2.787
1,9,"Kansas",2.298,2.536,2.786,2.792
1,10,"Kansas",2.3,2.548,2.794,2.794
1,11,"Kansas",2.301,2.549,2.795,2.791
1,12,"Kansas",2.296,2.539,2.791,2.788
1,13,"Kansas",2.291,2.535,2.781,2.782
1,14,"Kansas",2.292,2.535,2.784,2.787
1,15,"Kansas",2.289,2.54,2.783,2.788
1,16,"Kansas",2.286,2.538,2.787,2.784
1,17,"Kansas",2.284,2.531,2.775,2.779
1,1,"Kentucky",2.46,2.749,3.05,2.848
1,2,"Kentucky",2.461,2.76,3.061,2.848
1,3,"Kentucky",2.449,2.761,3.06,2.851
1,4,"Kentucky",2.434,2.751,3.046,2.852
1,5,"Kentucky",2.423,2.738,3.034,2.854
1,6,"Kentucky",2.413,2.725,3.023,2.85
1,7,"Kentucky",2.42,2.728,3.025,2.853
1,8,"Kentucky",2.446,2.741,3.039,2.856
1,9,"Kentucky",2.443,2.753,3.054,2.854
1,10,"Kentucky",2.428,2.742,3.044,2.851
1,11,"Kentucky",2.409,2.735,3.035,2.849
1,12,"Kentucky",2.397,2.729,3.025,2.847
1,13,"Kentucky",2.385,2.714,3.01,2.844
1,14,"Kentucky",2.366,2.691,2.997,2.845
1,15,"Kentucky",2.355,2.681,2.981,2.844
1,16,"Kentucky",2.349,2.666,2.968,2.842
1,17,"Kentucky",2.365,2.681,2.98,2.84
1,1,"Louisiana",2.317,2.618,2.924,2.75
1,2,"Louisiana",2.321,2.623,2.92,2.754
1,3,"Louisiana",2.326,2.628,2.929,2.754
1,4,"Louisiana",2.327,2.626,2.929,2.753
1,5,"Louisiana",2.329,2.627,2.929,2.756
1,6,"Louisiana",2.327,2.628,2.928,2.755
1,7,"Louisiana",2.327,2.626,2.931,2.758
1,8,"Louisiana",2.33,2.627,2.935,2.762
1,9,"Louisiana",2.328,2.63,2.938,2.761
1,10,"Louisiana",2.326,2.63,2.932,2.759
1,11,"Louisiana",2.319,2.626,2.928,2.76
1,12,"Louisiana",2.314,2.618,2.924,2.758
1,13,"Louisiana",2.308,2.604,2.915,2.753
1,14,"Louisiana",2.307,2.604,2.912,2.753
1,15,"Louisiana",2.305,2.605,2.909,2.751
1,16,"Louisiana",2.298,2.604,2.903,2.751
1,17,"Louisiana",2.289,2.596,2.898,2.747
1,1,"Maine",2.576,2.883,3.119,3.064
1,2,"Maine",2.579,2.881,3.121,3.065
1,3,"Maine",2.582,2.876,3.119,3.071
1,4,"Maine",2.587,2.88,3.117,3.072
1,5,"Maine",2.589,2.88,3.122,3.076
1,6,"Maine",2.588,2.876,3.124,3.081
1,7,"Maine",2.592,2.883,3.126,3.081
1,8,"Maine",2.594,2.891,3.13,3.086
1,9,"Maine",2.593,2.89,3.131,3.092
1,10,"Maine",2.593,2.891,3.137,3.093
1,11,"Maine",2.59,2.892,3.142,3.094
1,12,"Maine",2.587,2.882,3.133,3.091
1,13,"Maine",2.583,2.875,3.13,3.093
1,14,"Maine",2.582,2.885,3.13,3.093
1,15,"Maine",2.581,2.881,3.126,3.091
1,16,"Maine",2.58,2.875,3.124,3.09
1,17,"Maine",2.578,2.88,3.127,3.085
1,1,"Maryland",2.522,2.903,3.124,3.001
1,2,"Maryland",2.521,2.905,3.143,3.001
1,3,"Maryland",2.514,2.901,3.14,3.003
1,4,"Maryland",2.531,2.917,3.15,3.015
1,5,"Maryland",2.54,2.919,3.154,3.021
1,6,"Maryland",2.543,2.918,3.15,3.026
1,7,"Maryland",2.548,2.929,3.163,3.026
1,8,"Maryland",2.552,2.933,3.148,3.033
1,9,"Maryland",2.55,2.937,3.169,3.03
1,10,"Maryland",2.54,2.93,3.161,3.026
1,11,"Maryland",2.535,2.926,3.161,3.023
1,12,"Maryland",2.533,2.921,3.158,3.02
1,13,"Maryland",2.53,2.917,3.153,3.013
1,14,"Maryland",2.523,2.916,3.146,2.995
1,15,"Maryland",2.518,2.913,3.126,2.996
1,16,"Maryland",2.502,2.902,3.132,2.982
1,17,"Maryland",2.485,2.885,3.122,2.974
1,1,"Massachusetts",2.581,2.864,3.066,3.021
1,2,"Massachusetts",2.582,2.865,3.062,3.022
1,3,"Massachusetts",2.586,2.867,3.064,3.028
1,4,"Massachusetts",2.59,2.873,3.068,3.029
1,5,"Massachusetts",2.59,2.874,3.067,3.028
1,6,"Massachusetts",2.588,2.874,3.072,3.03
1,7,"Massachusetts",2.595,2.873,3.074,3.036
1,8,"Massachusetts",2.596,2.874,3.072,3.036
1,9,"Massachusetts",2.597,2.874,3.077,3.038
1,10,"Massachusetts",2.598,2.884,3.08,3.041
1,11,"Massachusetts",2.596,2.883,3.078,3.04
1,12,"Massachusetts",2.593,2.879,3.079,3.039
1,13,"Massachusetts",2.592,2.88,3.076,3.038
1,14,"Massachusetts",2.59,2.877,3.072,3.041
1,15,"Massachusetts",2.589,2.881,3.072,3.042
1,16,"Massachusetts",2.587,2.877,3.074,3.04
1,17,"Massachusetts",2.587,2.88,3.072,3.036
1,1,"Michigan",2.574,2.903,3.239,3.003
1,2,"Michigan",2.565,2.896,3.228,2.998
1,3,"Michigan",2.55,2.885,3.216,2.998
1,4,"Michigan",2.535,2.877,3.206,2.997
1,5,"Michigan",2.525,2.862,3.192,2.995
1,6,"Michigan",2.516,2.85,3.18,2.994
1,7,"Michigan",2.507,2.84,3.171,2.995
1,8,"Michigan",2.571,2.85,3.19,2.995
1,9,"Michigan",2.629,2.91,3.246,2.998
1,10,"Michigan",2.625,2.943,3.279,2.999
1,11,"Michigan",2.608,2.947,3.281,2.997
1,12,"Michigan",2.598,2.94,3.269,2.995
1,13,"Michigan",2.589,2.928,3.259,2.992
1,14,"Michigan",2.569,2.915,3.25,2.993
1,15,"Michigan",2.549,2.901,3.234,2.993
1,16,"Michigan",2.527,2.882,3.217,2.99
1,17,"Michigan",2.508,2.864,3.196,2.983
1,1,"Minnesota",2.414,2.634,2.954,2.973
1,2,"Minnesota",2.412,2.637,2.954,2.969
1,3,"Minnesota",2.414,2.638,2.959,2.967
1,4,"Minnesota",2.415,2.637,2.956,2.97
1,5,"Minnesota",2.415,2.638,2.95,2.966
1,6,"Minnesota",2.413,2.642,2.949,2.962
1,7,"Minnesota",2.425,2.638,2.958,2.971
1,8,"Minnesota",2.443,2.643,2.969,2.973
1,9,"Minnesota",2.467,2.662,2.989,2.978
1,10,"Minnesota",2.474,2.674,3.004,2.981
1,11,"Minnesota",2.467,2.682,3.001,2.987
1,12,"Minnesota",2.463,2.685,2.998,2.979
1,13,"Minnesota",2.459,2.684,2.995,2.967
1,14,"Minnesota",2.453,2.676,2.994,2.975
1,15,"Minnesota",2.449,2.67,2.984,2.973
1,16,"Minnesota",2.443,2.671,2.985,2.972
1,17,"Minnesota",2.437,2.666,2.98,2.974
1,1,"Mississippi",2.284,2.581,2.907,2.719
1,2,"Mississippi",2.289,2.581,2.91,2.72
1,3,"Mississippi",2.294,2.579,2.912,2.724
1,4,"Mississippi",2.292,2.584,2.918,2.726
1,5,"Mississippi",2.294,2.585,2.912,2.725
1,6,"Mississippi",2.292,2.579,2.906,2.72
1,7,"Mississippi",2.292,2.58,2.906,2.722
1,8,"Mississippi",2.296,2.587,2.909,2.726
1,9,"Mississippi",2.294,2.585,2.908,2.726
1,10,"Mississippi",2.289,2.579,2.908,2.724
1,11,"Mississippi",2.288,2.575,2.903,2.726
1,12,"Mississippi",2.286,2.574,2.898,2.724
1,13,"Mississippi",2.28,2.567,2.892,2.721
1,14,"Mississippi",2.279,2.567,2.886,2.722
1,15,"Mississippi",2.276,2.565,2.881,2.717
1,16,"Mississippi",2.272,2.556,2.877,2.717
1,17,"Mississippi",2.265,2.551,2.88,2.716
1,1,"Missouri",2.221,2.451,2.728,2.673
1,2,"Missouri",2.221,2.453,2.728,2.674
1,3,"Missouri",2.219,2.452,2.726,2.675
1,4,"Missouri",2.216,2.448,2.724,2.673
1,5,"Missouri",2.214,2.446,2.722,2.673
1,6,"Missouri",2.209,2.445,2.721,2.671
1,7,"Missouri",2.215,2.442,2.717,2.677
1,8,"Missouri",2.221,2.447,2.723,2.686
1,9,"Missouri",2.224,2.452,2.727,2.694
1,10,"Missouri",2.222,2.452,2.728,2.697
1,11,"Missouri",2.215,2.447,2.725,2.697
1,12,"Missouri",2.211,2.445,2.72,2.695
1,13,"Missouri",2.207,2.441,2.712,2.694
1,14,"Missouri",2.201,2.432,2.71,2.691
1,15,"Missouri",2.197,2.429,2.705,2.69
1,16,"Missouri",2.19,2.423,2.699,2.688
1,17,"Missouri",2.183,2.419,2.693,2.685
1,1,"Montana",2.605,2.83,3.105,2.872
1,2,"Montana",2.598,2.822,3.098,2.87
1,3,"Montana",2.596,2.812,3.076,2.862
1,4,"Montana",2.594,2.815,3.084,2.854
1,5,"Montana",2.591,2.815,3.078,2.86
1,6,"Montana",2.589,2.809,3.073,2.851
1,7,"Montana",2.591,2.801,3.063,2.85
1,8,"Montana",2.589,2.815,3.078,2.851
1,9,"Montana",2.587,2.813,3.088,2.85
1,10,"Montana",2.582,2.804,3.072,2.857
1,11,"Montana",2.58,2.803,3.07,2.867
1,12,"Montana",2.577,2.798,3.069,2.85
1,13,"Montana",2.575,2.792,3.072,2.845
1,14,"Montana",2.57,2.784,3.054,2.841
1,15,"Montana",2.569,2.787,3.057,2.861
1,16,"Montana",2.566,2.782,3.057,2.86
1,17,"Montana",2.564,2.781,3.058,2.857
1,1,"Nebraska",2.432,2.531,2.893,2.848
1,2,"Nebraska",2.422,2.52,2.88,2.841
1,3,"Nebraska",2.424,2.525,2.902,2.844
1,4,"Nebraska",2.434,2.531,2.888,2.846
1,5,"Nebraska",2.431,2.531,2.893,2.848
1,6,"Nebraska",2.414,2.54,2.903,2.843
1,7,"Nebraska",2.43,2.539,2.889,2.851
1,8,"Nebraska",2.443,2.544,2.884,2.85
1,9,"Nebraska",2.448,2.55,2.896,2.85
1,10,"Nebraska",2.446,2.554,2.905,2.849
1,11,"Nebraska",2.442,2.554,2.89,2.849
1,12,"Nebraska",2.433,2.564,2.884,2.844
1,13,"Nebraska",2.423,2.571,2.89,2.826
1,14,"Nebraska",2.432,2.547,2.901,2.831
1,15,"Nebraska",2.444,2.549,2.896,2.84
1,16,"Nebraska",2.44,2.551,2.896,2.835
1,17,"Nebraska",2.434,2.544,2.89,2.832
1,1,"Nevada",3.036,3.25,3.41,3.234
1,2,"Nevada",3.035,3.248,3.409,3.232
1,3,"Nevada",3.033,3.243,3.402,3.232
1,4,"Nevada",3.026,3.232,3.395,3.23
1,5,"Nevada",3.024,3.229,3.396,3.231
1,6,"Nevada",3.019,3.229,3.395,3.228
1,7,"Nevada",3.018,3.222,3.389,3.229
1,8,"Nevada",3.019,3.226,3.398,3.228
1,9,"Nevada",3.016,3.222,3.397,3.229
1,10,"Nevada",3.014,3.216,3.385,3.231
1,11,"Nevada",3.008,3.218,3.383,3.222
1,12,"Nevada",3.006,3.213,3.376,3.219
1,13,"Nevada",3.003,3.209,3.378,3.212
1,14,"Nevada",3.002,3.2,3.376,3.214
1,15,"Nevada",2.998,3.2,3.374,3.212
1,16,"Nevada",2.998,3.195,3.369,3.204
1,17,"Nevada",2.994,3.195,3.364,3.198
1,1,"New Hampshire",2.492,2.816,3.064,2.945
1,2,"New Hampshire",2.492,2.814,3.057,2.944
1,3,"New Hampshire",2.496,2.81,3.061,2.955
1,4,"New Hampshire",2.498,2.811,3.059,2.954
1,5,"New Hampshire",2.5,2.813,3.06,2.955
1,6,"New Hampshire",2.496,2.813,3.057,2.954
1,7,"New Hampshire",2.5,2.819,3.068,2.957
1,8,"New Hampshire",2.505,2.821,3.074,2.968
1,9,"New Hampshire",2.506,2.821,3.069,2.971
1,10,"New Hampshire",2.505,2.821,3.068,2.967
1,11,"New Hampshire",2.501,2.818,3.063,2.967
1,12,"New Hampshire",2.501,2.822,3.071,2.971
1,13,"New Hampshire",2.496,2.82,3.067,2.967
1,14,"New Hampshire",2.496,2.812,3.067,2.966
1,15,"New Hampshire",2.494,2.817,3.067,2.965
1,16,"New Hampshire",2.491,2.824,3.065,2.969
1,17,"New Hampshire",2.489,2.815,3.061,2.965
1,1,"New Jersey",2.613,2.966,3.15,3.061
1,2,"New Jersey",2.614,2.96,3.146,3.061
1,3,"New Jersey",2.619,2.963,3.151,3.067
1,4,"New Jersey",2.628,2.975,3.16,3.081
1,5,"New Jersey",2.633,2.979,3.164,3.081
1,6,"New Jersey",2.635,2.983,3.166,3.083
1,7,"New Jersey",2.641,2.995,3.174,3.088
1,8,"New Jersey",2.645,2.999,3.178,3.092
1,9,"New Jersey",2.647,3,3.177,3.091
1,10,"New Jersey",2.643,3.006,3.183,3.091
1,11,"New Jersey",2.642,3.002,3.186,3.092
1,12,"New Jersey",2.637,2.996,3.182,3.088
1,13,"New Jersey",2.637,2.987,3.176,3.084
1,14,"New Jersey",2.635,2.999,3.18,3.083
1,15,"New Jersey",2.631,2.998,3.184,3.084
1,16,"New Jersey",2.627,2.994,3.175,3.079
1,17,"New Jersey",2.621,2.99,3.171,3.074
1,1,"New Mexico",2.444,2.718,2.951,2.928
1,2,"New Mexico",2.438,2.705,2.955,2.926
1,3,"New Mexico",2.438,2.706,2.954,2.928
1,4,"New Mexico",2.442,2.709,2.942,2.932
1,5,"New Mexico",2.439,2.706,2.94,2.931
1,6,"New Mexico",2.434,2.706,2.944,2.926
1,7,"New Mexico",2.439,2.713,2.955,2.93
1,8,"New Mexico",2.444,2.715,2.958,2.935
1,9,"New Mexico",2.445,2.714,2.957,2.932
1,10,"New Mexico",2.44,2.711,2.947,2.928
1,11,"New Mexico",2.437,2.712,2.952,2.923
1,12,"New Mexico",2.435,2.708,2.954,2.919
1,13,"New Mexico",2.427,2.701,2.953,2.91
1,14,"New Mexico",2.429,2.7,2.948,2.915
1,15,"New Mexico",2.428,2.703,2.944,2.912
1,16,"New Mexico",2.421,2.701,2.947,2.907
1,17,"New Mexico",2.417,2.697,2.941,2.906
1,1,"New York",2.715,3.006,3.236,3.178
1,2,"New York",2.715,3.003,3.234,3.179
1,3,"New York",2.716,3.005,3.236,3.179
1,4,"New York",2.722,3.015,3.24,3.185
1,5,"New York",2.724,3.013,3.24,3.186
1,6,"New York",2.722,3.011,3.239,3.184
1,7,"New York",2.727,3.011,3.243,3.191
1,8,"New York",2.729,3.016,3.245,3.197
1,9,"New York",2.73,3.02,3.251,3.196
1,10,"New York",2.728,3.02,3.25,3.192
1,11,"New York",2.726,3.02,3.251,3.192
1,12,"New York",2.724,3.02,3.25,3.192
1,13,"New York",2.723,3.015,3.244,3.185
1,14,"New York",2.722,3.015,3.243,3.189
1,15,"New York",2.721,3.018,3.245,3.192
1,16,"New York",2.718,3.015,3.245,3.192
1,17,"New York",2.716,3.016,3.243,3.189
1,1,"North Carolina",2.47,2.779,3.086,2.914
1,2,"North Carolina",2.469,2.78,3.086,2.914
1,3,"North Carolina",2.469,2.781,3.087,2.912
1,4,"North Carolina",2.471,2.781,3.086,2.916
1,5,"North Carolina",2.473,2.78,3.086,2.915
1,6,"North Carolina",2.471,2.779,3.084,2.913
1,7,"North Carolina",2.47,2.779,3.083,2.914
1,8,"North Carolina",2.469,2.779,3.082,2.916
1,9,"North Carolina",2.467,2.777,3.082,2.914
1,10,"North Carolina",2.461,2.773,3.076,2.911
1,11,"North Carolina",2.453,2.766,3.07,2.91
1,12,"North Carolina",2.449,2.762,3.065,2.909
1,13,"North Carolina",2.442,2.757,3.06,2.905
1,14,"North Carolina",2.436,2.752,3.057,2.904
1,15,"North Carolina",2.43,2.746,3.051,2.902
1,16,"North Carolina",2.422,2.742,3.045,2.899
1,17,"North Carolina",2.416,2.737,3.042,2.895
1,1,"North Dakota",2.468,2.68,2.938,3.044
1,2,"North Dakota",2.463,2.663,2.944,3.019
1,3,"North Dakota",2.467,2.667,2.935,3.032
1,4,"North Dakota",2.463,2.666,2.921,3.039
1,5,"North Dakota",2.464,2.66,2.936,3.022
1,6,"North Dakota",2.461,2.667,2.931,3.027
1,7,"North Dakota",2.476,2.674,2.926,3.059
1,8,"North Dakota",2.481,2.685,2.926,3.048
1,9,"North Dakota",2.487,2.692,2.926,3.066
1,10,"North Dakota",2.485,2.696,2.933,3.071
1,11,"North Dakota",2.479,2.702,2.93,3.071
1,12,"North Dakota",2.478,2.687,2.941,3.066
1,13,"North Dakota",2.477,2.669,2.962,3.05
1,14,"North Dakota",2.474,2.666,2.938,3.064
1,15,"North Dakota",2.479,2.673,2.926,3.069
1,16,"North Dakota",2.477,2.694,2.938,3.079
1,17,"North Dakota",2.475,2.687,2.931,3.066
1,1,"Ohio",2.603,2.926,3.252,3.058
1,2,"Ohio",2.591,2.913,3.24,3.055
1,3,"Ohio",2.565,2.894,3.221,3.052
1,4,"Ohio",2.545,2.875,3.201,3.051
1,5,"Ohio",2.529,2.858,3.185,3.049
1,6,"Ohio",2.518,2.845,3.171,3.043
1,7,"Ohio",2.54,2.854,3.181,3.047
1,8,"Ohio",2.642,2.886,3.212,3.053
1,9,"Ohio",2.654,2.925,3.251,3.056
1,10,"Ohio",2.626,2.93,3.256,3.054
1,11,"Ohio",2.598,2.918,3.24,3.049
1,12,"Ohio",2.575,2.9,3.223,3.05
1,13,"Ohio",2.556,2.88,3.206,3.045
1,14,"Ohio",2.532,2.862,3.188,3.04
1,15,"Ohio",2.519,2.852,3.182,3.034
1,16,"Ohio",2.541,2.861,3.193,3.026
1,17,"Ohio",2.533,2.855,3.185,3.021
1,1,"Oklahoma",2.275,2.493,2.697,2.665
1,2,"Oklahoma",2.268,2.489,2.7,2.667
1,3,"Oklahoma",2.269,2.492,2.697,2.668
1,4,"Oklahoma",2.27,2.489,2.694,2.669
1,5,"Oklahoma",2.266,2.49,2.703,2.673
1,6,"Oklahoma",2.262,2.489,2.704,2.677
1,7,"Oklahoma",2.277,2.491,2.709,2.676
1,8,"Oklahoma",2.289,2.505,2.716,2.676
1,9,"Oklahoma",2.288,2.51,2.716,2.679
1,10,"Oklahoma",2.28,2.51,2.714,2.677
1,11,"Oklahoma",2.274,2.504,2.71,2.675
1,12,"Oklahoma",2.266,2.499,2.709,2.672
1,13,"Oklahoma",2.26,2.495,2.707,2.672
1,14,"Oklahoma",2.261,2.495,2.697,2.671
1,15,"Oklahoma",2.256,2.487,2.695,2.667
1,16,"Oklahoma",2.259,2.482,2.694,2.662
1,17,"Oklahoma",2.258,2.48,2.674,2.659
1,1,"Oregon",3.026,3.231,3.397,3.279
1,2,"Oregon",3.027,3.221,3.392,3.279
1,3,"Oregon",3.025,3.221,3.392,3.27
1,4,"Oregon",3.024,3.224,3.396,3.271
1,5,"Oregon",3.021,3.219,3.392,3.271
1,6,"Oregon",3.019,3.211,3.384,3.269
1,7,"Oregon",3.015,3.216,3.379,3.273
1,8,"Oregon",3.015,3.213,3.377,3.275
1,9,"Oregon",3.017,3.208,3.377,3.266
1,10,"Oregon",3.011,3.209,3.386,3.27
1,11,"Oregon",3.007,3.211,3.38,3.271
1,12,"Oregon",3.007,3.202,3.368,3.263
1,13,"Oregon",3.006,3.193,3.369,3.26
1,14,"Oregon",3.004,3.206,3.377,3.258
1,15,"Oregon",2.999,3.201,3.366,3.256
1,16,"Oregon",2.998,3.192,3.367,3.254
1,17,"Oregon",3,3.189,3.365,3.254
1,1,"Pennsylvania",2.793,3.089,3.355,3.417
1,2,"Pennsylvania",2.791,3.086,3.351,3.417
1,3,"Pennsylvania",2.794,3.091,3.355,3.42
1,4,"Pennsylvania",2.813,3.106,3.369,3.429
1,5,"Pennsylvania",2.822,3.112,3.376,3.435
1,6,"Pennsylvania",2.824,3.115,3.381,3.434
1,7,"Pennsylvania",2.83,3.122,3.385,3.438
1,8,"Pennsylvania",2.832,3.127,3.392,3.44
1,9,"Pennsylvania",2.832,3.124,3.39,3.441
1,10,"Pennsylvania",2.829,3.125,3.391,3.44
1,11,"Pennsylvania",2.826,3.122,3.386,3.437
1,12,"Pennsylvania",2.822,3.118,3.384,3.435
1,13,"Pennsylvania",2.819,3.114,3.38,3.431
1,14,"Pennsylvania",2.815,3.114,3.378,3.431
1,15,"Pennsylvania",2.811,3.111,3.374,3.431
1,16,"Pennsylvania",2.804,3.105,3.369,3.424
1,17,"Pennsylvania",2.797,3.101,3.363,3.415
1,1,"Rhode Island",2.566,2.871,3.076,3.029
1,2,"Rhode Island",2.568,2.866,3.077,3.033
1,3,"Rhode Island",2.571,2.86,3.079,3.027
1,4,"Rhode Island",2.578,2.878,3.091,3.035
1,5,"Rhode Island",2.577,2.878,3.086,3.032
1,6,"Rhode Island",2.578,2.879,3.088,3.04
1,7,"Rhode Island",2.582,2.884,3.094,3.046
1,8,"Rhode Island",2.585,2.888,3.09,3.047
1,9,"Rhode Island",2.589,2.891,3.097,3.05
1,10,"Rhode Island",2.59,2.899,3.096,3.062
1,11,"Rhode Island",2.586,2.899,3.109,3.071
1,12,"Rhode Island",2.586,2.894,3.105,3.07
1,13,"Rhode Island",2.587,2.892,3.107,3.067
1,14,"Rhode Island",2.587,2.899,3.113,3.061
1,15,"Rhode Island",2.583,2.892,3.109,3.066
1,16,"Rhode Island",2.578,2.886,3.108,3.063
1,17,"Rhode Island",2.58,2.902,3.111,3.058
1,1,"South Carolina",2.365,2.677,2.974,2.801
1,2,"South Carolina",2.367,2.682,2.979,2.795
1,3,"South Carolina",2.369,2.685,2.983,2.797
1,4,"South Carolina",2.369,2.684,2.987,2.799
1,5,"South Carolina",2.368,2.679,2.981,2.798
1,6,"South Carolina",2.366,2.674,2.975,2.798
1,7,"South Carolina",2.372,2.683,2.983,2.803
1,8,"South Carolina",2.377,2.689,2.987,2.804
1,9,"South Carolina",2.375,2.689,2.986,2.805
1,10,"South Carolina",2.369,2.686,2.982,2.806
1,11,"South Carolina",2.361,2.678,2.972,2.803
1,12,"South Carolina",2.355,2.67,2.962,2.796
1,13,"South Carolina",2.349,2.66,2.958,2.791
1,14,"South Carolina",2.341,2.655,2.953,2.793
1,15,"South Carolina",2.333,2.651,2.947,2.795
1,16,"South Carolina",2.324,2.646,2.941,2.79
1,17,"South Carolina",2.313,2.637,2.934,2.79
1,1,"South Dakota",2.485,2.583,2.968,2.934
1,2,"South Dakota",2.475,2.598,2.963,2.925
1,3,"South Dakota",2.479,2.574,2.948,2.916
1,4,"South Dakota",2.48,2.568,2.943,2.926
1,5,"South Dakota",2.478,2.573,2.95,2.932
1,6,"South Dakota",2.471,2.596,2.953,2.912
1,7,"South Dakota",2.485,2.576,2.932,2.935
1,8,"South Dakota",2.486,2.563,2.924,2.943
1,9,"South Dakota",2.49,2.567,2.928,2.941
1,10,"South Dakota",2.497,2.581,2.946,2.954
1,11,"South Dakota",2.5,2.571,2.945,2.956
1,12,"South Dakota",2.485,2.572,2.943,2.942
1,13,"South Dakota",2.469,2.581,2.953,2.922
1,14,"South Dakota",2.476,2.568,2.942,2.958
1,15,"South Dakota",2.476,2.563,2.928,2.974
1,16,"South Dakota",2.475,2.566,2.922,2.951
1,17,"South Dakota",2.469,2.548,2.92,2.949
1,1,"Tennessee",2.384,2.688,2.992,2.876
1,2,"Tennessee",2.392,2.694,2.997,2.878
1,3,"Tennessee",2.394,2.703,3.004,2.879
1,4,"Tennessee",2.394,2.708,3.011,2.877
1,5,"Tennessee",2.392,2.705,3.015,2.878
1,6,"Tennessee",2.39,2.701,3.009,2.879
1,7,"Tennessee",2.388,2.702,3.006,2.876
1,8,"Tennessee",2.385,2.705,3.006,2.877
1,9,"Tennessee",2.382,2.702,3.003,2.876
1,10,"Tennessee",2.378,2.696,3.002,2.873
1,11,"Tennessee",2.37,2.689,2.994,2.871
1,12,"Tennessee",2.365,2.687,2.985,2.87
1,13,"Tennessee",2.36,2.677,2.98,2.863
1,14,"Tennessee",2.355,2.672,2.974,2.866
1,15,"Tennessee",2.349,2.668,2.973,2.866
1,16,"Tennessee",2.342,2.665,2.973,2.866
1,17,"Tennessee",2.337,2.656,2.967,2.863
1,1,"Texas",2.293,2.603,2.878,2.706
1,2,"Texas",2.292,2.599,2.875,2.707
1,3,"Texas",2.289,2.6,2.876,2.71
1,4,"Texas",2.286,2.604,2.877,2.713
1,5,"Texas",2.285,2.601,2.875,2.713
1,6,"Texas",2.283,2.597,2.871,2.711
1,7,"Texas",2.284,2.599,2.87,2.714
1,8,"Texas",2.291,2.604,2.877,2.715
1,9,"Texas",2.296,2.608,2.882,2.717
1,10,"Texas",2.293,2.607,2.881,2.715
1,11,"Texas",2.288,2.606,2.88,2.714
1,12,"Texas",2.283,2.601,2.876,2.712
1,13,"Texas",2.279,2.592,2.867,2.708
1,14,"Texas",2.274,2.591,2.865,2.709
1,15,"Texas",2.268,2.589,2.861,2.709
1,16,"Texas",2.262,2.583,2.854,2.707
1,17,"Texas",2.255,2.578,2.847,2.705
1,1,"Utah",2.714,2.877,3.034,3.178
1,2,"Utah",2.711,2.874,3.031,3.171
1,3,"Utah",2.708,2.864,3.026,3.168
1,4,"Utah",2.704,2.863,3.022,3.165
1,5,"Utah",2.699,2.857,3.019,3.167
1,6,"Utah",2.691,2.85,3.01,3.159
1,7,"Utah",2.688,2.852,3.01,3.153
1,8,"Utah",2.686,2.854,3.009,3.154
1,9,"Utah",2.682,2.844,2.998,3.147
1,10,"Utah",2.675,2.834,2.994,3.142
1,11,"Utah",2.666,2.827,2.986,3.136
1,12,"Utah",2.662,2.822,2.979,3.13
1,13,"Utah",2.658,2.816,2.974,3.127
1,14,"Utah",2.653,2.816,2.968,3.123
1,15,"Utah",2.648,2.807,2.966,3.118
1,16,"Utah",2.644,2.803,2.964,3.111
1,17,"Utah",2.636,2.8,2.96,3.105
1,1,"Vermont",2.644,2.907,3.176,3.043
1,2,"Vermont",2.642,2.918,3.181,3.043
1,3,"Vermont",2.65,2.914,3.181,3.048
1,4,"Vermont",2.656,2.918,3.181,3.054
1,5,"Vermont",2.654,2.921,3.18,3.053
1,6,"Vermont",2.65,2.921,3.185,3.049
1,7,"Vermont",2.658,2.927,3.187,3.061
1,8,"Vermont",2.66,2.925,3.188,3.063
1,9,"Vermont",2.666,2.926,3.186,3.068
1,10,"Vermont",2.664,2.929,3.191,3.069
1,11,"Vermont",2.665,2.925,3.188,3.073
1,12,"Vermont",2.664,2.925,3.19,3.067
1,13,"Vermont",2.655,2.915,3.179,3.062
1,14,"Vermont",2.656,2.925,3.178,3.063
1,15,"Vermont",2.654,2.926,3.193,3.062
1,16,"Vermont",2.656,2.931,3.195,3.066
1,17,"Vermont",2.653,2.939,3.192,3.067
1,1,"Virginia",2.371,2.73,3.011,2.868
1,2,"Virginia",2.373,2.733,3.015,2.869
1,3,"Virginia",2.375,2.735,3.018,2.872
1,4,"Virginia",2.382,2.739,3.02,2.877
1,5,"Virginia",2.386,2.742,3.024,2.879
1,6,"Virginia",2.388,2.746,3.029,2.88
1,7,"Virginia",2.391,2.751,3.031,2.884
1,8,"Virginia",2.391,2.751,3.029,2.885
1,9,"Virginia",2.39,2.748,3.028,2.885
1,10,"Virginia",2.387,2.749,3.028,2.883
1,11,"Virginia",2.383,2.75,3.028,2.88
1,12,"Virginia",2.381,2.745,3.027,2.881
1,13,"Virginia",2.379,2.744,3.027,2.882
1,14,"Virginia",2.374,2.745,3.027,2.877
1,15,"Virginia",2.37,2.738,3.02,2.874
1,16,"Virginia",2.364,2.736,3.016,2.87
1,17,"Virginia",2.358,2.732,3.01,2.867
1,1,"Washington",3.162,3.391,3.539,3.392
1,2,"Washington",3.161,3.381,3.537,3.392
1,3,"Washington",3.153,3.378,3.528,3.388
1,4,"Washington",3.151,3.381,3.532,3.384
1,5,"Washington",3.153,3.381,3.532,3.388
1,6,"Washington",3.152,3.383,3.53,3.383
1,7,"Washington",3.145,3.388,3.528,3.378
1,8,"Washington",3.146,3.388,3.522,3.379
1,9,"Washington",3.143,3.38,3.521,3.374
1,10,"Washington",3.143,3.378,3.524,3.376
1,11,"Washington",3.139,3.38,3.518,3.376
1,12,"Washington",3.135,3.377,3.518,3.372
1,13,"Washington",3.136,3.368,3.519,3.365
1,14,"Washington",3.132,3.365,3.51,3.365
1,15,"Washington",3.132,3.362,3.507,3.366
1,16,"Washington",3.127,3.358,3.503,3.361
1,17,"Washington",3.124,3.353,3.502,3.362
1,1,"West Virginia",2.599,2.848,3.128,3.045
1,2,"West Virginia",2.596,2.846,3.12,3.041
1,3,"West Virginia",2.601,2.855,3.129,3.048
1,4,"West Virginia",2.606,2.849,3.132,3.051
1,5,"West Virginia",2.605,2.854,3.139,3.052
1,6,"West Virginia",2.601,2.853,3.136,3.053
1,7,"West Virginia",2.595,2.843,3.126,3.054
1,8,"West Virginia",2.593,2.84,3.123,3.054
1,9,"West Virginia",2.59,2.838,3.132,3.053
1,10,"West Virginia",2.59,2.836,3.126,3.051
1,11,"West Virginia",2.584,2.831,3.122,3.041
1,12,"West Virginia",2.581,2.835,3.132,3.041
1,13,"West Virginia",2.577,2.832,3.135,3.037
1,14,"West Virginia",2.575,2.832,3.124,3.041
1,15,"West Virginia",2.574,2.827,3.118,3.038
1,16,"West Virginia",2.571,2.822,3.119,3.033
1,17,"West Virginia",2.566,2.816,3.116,3.024
1,1,"Wisconsin",2.433,2.753,3.132,2.922
1,2,"Wisconsin",2.431,2.755,3.13,2.92
1,3,"Wisconsin",2.429,2.752,3.135,2.922
1,4,"Wisconsin",2.428,2.755,3.135,2.925
1,5,"Wisconsin",2.423,2.754,3.132,2.924
1,6,"Wisconsin",2.418,2.748,3.126,2.921
1,7,"Wisconsin",2.439,2.757,3.142,2.923
1,8,"Wisconsin",2.447,2.767,3.147,2.92
1,9,"Wisconsin",2.453,2.77,3.153,2.919
1,10,"Wisconsin",2.463,2.777,3.17,2.916
1,11,"Wisconsin",2.458,2.776,3.166,2.912
1,12,"Wisconsin",2.452,2.775,3.163,2.914
1,13,"Wisconsin",2.444,2.772,3.158,2.91
1,14,"Wisconsin",2.442,2.767,3.149,2.909
1,15,"Wisconsin",2.437,2.761,3.144,2.908
1,16,"Wisconsin",2.433,2.759,3.143,2.907
1,17,"Wisconsin",2.426,2.757,3.136,2.906
1,1,"Wyoming",2.652,2.869,3.105,3.125
1,2,"Wyoming",2.651,2.865,3.103,3.123
1,3,"Wyoming",2.646,2.853,3.106,3.129
1,4,"Wyoming",2.648,2.861,3.104,3.127
1,5,"Wyoming",2.641,2.857,3.093,3.127
1,6,"Wyoming",2.635,2.852,3.092,3.121
1,7,"Wyoming",2.636,2.85,3.09,3.127
1,8,"Wyoming",2.644,2.85,3.091,3.125
1,9,"Wyoming",2.642,2.85,3.09,3.107
1,10,"Wyoming",2.63,2.846,3.085,3.101
1,11,"Wyoming",2.626,2.836,3.076,3.095
1,12,"Wyoming",2.625,2.826,3.073,3.089
1,13,"Wyoming",2.617,2.832,3.078,3.077
1,14,"Wyoming",2.62,2.839,3.076,3.088
1,15,"Wyoming",2.615,2.833,3.068,3.088
1,16,"Wyoming",2.613,2.823,3.053,3.075
1,17,"Wyoming",2.611,2.828,3.056,3.072
